Station,DataName,Value,MeasureNumber,Unit
1AMereni,details_video1,"{'hands': 0.39586879042609235, 'height': 1.5200894950581374, 'hips': 0.19406426976190788, 'la1': 0.29854294973699463, 'la2': 0.19638933065610217, 'lf': 0.07661197939744058, 'll1': 0.3436176936675585, 'll2': 0.41260093993212893, 'ra1': 0.22042105571008053, 'ra2': 0.19769722977320958, 'rf': 0.06720431798286423, 'rl1': 0.41525381984996224, 'rl2': 0.36108621693320153, 'shoulders': 0.3178168437577257}",,
1AMereni,details_video2,"{'hands': 0.39586879042609235, 'height': 1.5200894950581374, 'hips': 0.19406426976190788, 'la1': 0.29854294973699463, 'la2': 0.19638933065610217, 'lf': 0.07661197939744058, 'll1': 0.3436176936675585, 'll2': 0.41260093993212893, 'ra1': 0.22042105571008053, 'ra2': 0.19769722977320958, 'rf': 0.06720431798286423, 'rl1': 0.41525381984996224, 'rl2': 0.36108621693320153, 'shoulders': 0.3178168437577257}",,
1AMereni,details_video3,"{'hands': 0.39586879042609235, 'height': 1.5200894950581374, 'hips': 0.19406426976190788, 'la1': 0.29854294973699463, 'la2': 0.19638933065610217, 'lf': 0.07661197939744058, 'll1': 0.3436176936675585, 'll2': 0.41260093993212893, 'ra1': 0.22042105571008053, 'ra2': 0.19769722977320958, 'rf': 0.06720431798286423, 'rl1': 0.41525381984996224, 'rl2': 0.36108621693320153, 'shoulders': 0.3178168437577257}",,
1AMereni,processed_at,2025-01-17T15:25:31.313,,
1AMereni,started_at,2025-01-17T15:23:53.426,,
1AMereni,video1,storage/2025-01-14/1AMereni-20250114-163000-cam1.mp4,,
1AMereni,video2,storage/2025-01-14/1AMereni-20250114-163000-cam2.mp4,,
1AMereni,video3,storage/2025-01-14/1AMereni-20250114-163000-cam3.mp4,,
2BPohybocit,distance1,1.188745,1.0,centimeters
2BPohybocit,distance2,0.7128308,1.0,centimeters
2BPohybocit,touchPosition_touch_x,0.07110254,1.0,world units
2BPohybocit,touchPosition_touch_x_second,-0.02377523,1.0,world units
2BPohybocit,touchPosition_touch_y,0.1050997,1.0,world units
2BPohybocit,touchPosition_touch_y_second,0.0576806,1.0,world units
2BPohybocit,targetPosition_endpointposition_x,-0.006949998,1.0,world units
2BPohybocit,targetPosition_endpointposition_y,-0.0393,1.0,world units
2BPohybocit,distance1,1.415322,2.0,centimeters
2BPohybocit,distance2,1.822465,2.0,centimeters
2BPohybocit,touchPosition_touch_x,0.03044082,2.0,world units
2BPohybocit,touchPosition_touch_x_second,0.07110254,2.0,world units
2BPohybocit,touchPosition_touch_y,0.1525204,2.0,world units
2BPohybocit,touchPosition_touch_y_second,0.1999395,2.0,world units
2BPohybocit,targetPosition_endpointposition_x,-0.006949998,2.0,world units
2BPohybocit,targetPosition_endpointposition_y,-0.0393,2.0,world units
2BPohybocit,distance1,2.406937,3.0,centimeters
2BPohybocit,distance2,2.180964,3.0,centimeters
2BPohybocit,touchPosition_touch_x,0.05077146,3.0,world units
2BPohybocit,touchPosition_touch_x_second,0.01688648,3.0,world units
2BPohybocit,touchPosition_touch_y,0.2880047,3.0,world units
2BPohybocit,touchPosition_touch_y_second,0.2609079,3.0,world units
2BPohybocit,targetPosition_endpointposition_x,-0.006949998,3.0,world units
2BPohybocit,targetPosition_endpointposition_y,-0.0393,3.0,world units
2CPohybocit,AnswerDown,False,,
2CPohybocit,AnswerUp,True,,
2CPohybocit,Duration,00:00:21.2602286,,
2CPohybocit,LimitReached,False,,
2CPohybocit,StartMoveTime,2025-01-20 15:21:59.619,,
2CPohybocit,StartTime,2025-01-20 15:21:58.600,,
2CPohybocit,TestSet_Delay,1000,,
2CPohybocit,TestSet_Id,1,,
2CPohybocit,TestSet_Speed,5,,
2CPohybocit,TestSet_Up,True,,
2CPohybocit,AnswerDown,True,,
2CPohybocit,AnswerUp,False,,
2CPohybocit,Duration,00:00:08.4033333,,
2CPohybocit,LimitReached,False,,
2CPohybocit,StartMoveTime,2025-01-20 15:22:41.348,,
2CPohybocit,StartTime,2025-01-20 15:22:39.315,,
2CPohybocit,TestSet_Delay,2000,,
2CPohybocit,TestSet_Id,2,,
2CPohybocit,TestSet_Speed,5,,
2CPohybocit,TestSet_Up,False,,
2CPohybocit,AnswerDown,True,,
2CPohybocit,AnswerUp,False,,
2CPohybocit,Duration,00:00:06.5609293,,
2CPohybocit,LimitReached,False,,
2CPohybocit,StartMoveTime,2025-01-20 15:23:00.605,,
2CPohybocit,StartTime,2025-01-20 15:22:58.572,,
2CPohybocit,TestSet_Delay,2000,,
2CPohybocit,TestSet_Id,3,,
2CPohybocit,TestSet_Speed,10,,
2CPohybocit,TestSet_Up,False,,
2CPohybocit,AnswerDown,True,,
2CPohybocit,AnswerUp,False,,
2CPohybocit,Duration,00:00:01.8509557,,
2CPohybocit,LimitReached,False,,
2CPohybocit,StartMoveTime,2025-01-20 15:23:58.871,,
2CPohybocit,StartTime,2025-01-20 15:23:55.826,,
2CPohybocit,TestSet_Delay,3000,,
2CPohybocit,TestSet_Id,4,,
2CPohybocit,TestSet_Speed,10,,
2CPohybocit,TestSet_Up,True,,
2CPohybocit,AnswerDown,False,,
2CPohybocit,AnswerUp,True,,
2CPohybocit,Duration,00:00:03.0864944,,
2CPohybocit,LimitReached,False,,
2CPohybocit,StartMoveTime,2025-01-20 15:24:17.984,,
2CPohybocit,StartTime,2025-01-20 15:24:16.965,,
2CPohybocit,TestSet_Delay,1000,,
2CPohybocit,TestSet_Id,5,,
2CPohybocit,TestSet_Speed,15,,
2CPohybocit,TestSet_Up,True,,
2CPohybocit,AnswerDown,True,,
2CPohybocit,AnswerUp,False,,
2CPohybocit,Duration,00:00:03.6911096,,
2CPohybocit,LimitReached,False,,
2CPohybocit,StartMoveTime,2025-01-20 15:24:32.107,,
2CPohybocit,StartTime,2025-01-20 15:24:30.073,,
2CPohybocit,TestSet_Delay,2000,,
2CPohybocit,TestSet_Id,6,,
2CPohybocit,TestSet_Speed,15,,
2CPohybocit,TestSet_Up,False,,
3AStereognozie,length,4.953,1.0,centimeters
3AStereognozie,touchPosition_lower_x,-3.743519,1.0,world units
3AStereognozie,touchPosition_lower_y,-1.661111,1.0,world units
3AStereognozie,touchPosition_upper_x,-3.731482,1.0,world units
3AStereognozie,touchPosition_upper_y,1.155555,1.0,world units
3AStereognozie,deviationsFromMiddle_lower_x_deviation,0.01058333,1.0,centimeters
3AStereognozie,deviationsFromMiddle_upper_x_deviation,0.01058333,1.0,centimeters
3AStereognozie,length,7.514166,2.0,centimeters
3AStereognozie,touchPosition_lower_x,-5.07963,2.0,world units
3AStereognozie,touchPosition_lower_y,-1.998148,2.0,world units
3AStereognozie,touchPosition_upper_x,-4.237037,2.0,world units
3AStereognozie,touchPosition_upper_y,2.275,2.0,world units
3AStereognozie,deviationsFromMiddle_lower_x_deviation,0.7408333,2.0,centimeters
3AStereognozie,deviationsFromMiddle_upper_x_deviation,0.7408333,2.0,centimeters
3AStereognozie,length,8.255,3.0,centimeters
3AStereognozie,touchPosition_lower_x,-7.848148,3.0,world units
3AStereognozie,touchPosition_lower_y,-2.07037,3.0,world units
3AStereognozie,touchPosition_upper_x,-6.825,3.0,world units
3AStereognozie,touchPosition_upper_y,2.624074,3.0,world units
3AStereognozie,deviationsFromMiddle_lower_x_deviation,0.8995833,3.0,centimeters
3AStereognozie,deviationsFromMiddle_upper_x_deviation,0.8995833,3.0,centimeters
3BStereognozie,firstObject,A,1.0,nominal
3BStereognozie,firstObjectWeight,15,1.0,g
3BStereognozie,secondObject,B,1.0,nominal
3BStereognozie,secondObjectWeight,20,1.0,g
3BStereognozie,choiceDone,A,1.0,nominal
3BStereognozie,firstObject,B,2.0,nominal
3BStereognozie,firstObjectWeight,20,2.0,g
3BStereognozie,secondObject,C,2.0,nominal
3BStereognozie,secondObjectWeight,32,2.0,g
3BStereognozie,choiceDone,C,2.0,nominal
3CStereognozie,gestureDisplayed,2,1.0,nominal
3CStereognozie,gestureSelected,2,1.0,nominal
3CStereognozie,selectedPosition,4,1.0,ordinal
3CStereognozie,gestureDisplayed,11,2.0,nominal
3CStereognozie,gestureSelected,11,2.0,nominal
3CStereognozie,selectedPosition,5,2.0,ordinal
3CStereognozie,gestureDisplayed,6,3.0,nominal
3CStereognozie,gestureSelected,7b,3.0,nominal
3CStereognozie,selectedPosition,2,3.0,ordinal
3CStereognozie,gestureDisplayed,7b,4.0,nominal
3CStereognozie,gestureSelected,11,4.0,nominal
3CStereognozie,selectedPosition,1,4.0,ordinal
3CStereognozie,gestureDisplayed,7c,5.0,nominal
3CStereognozie,gestureSelected,7b,5.0,nominal
3CStereognozie,selectedPosition,2,5.0,ordinal
3CStereognozie,gestureDisplayed,11,6.0,nominal
3CStereognozie,gestureSelected,7c,6.0,nominal
3CStereognozie,selectedPosition,3,6.0,ordinal
4APropriocepce,gesturePressed,7d,1.0,none
4APropriocepce,gestureSelected,11,1.0,none
4APropriocepce,gesturePressed,10,2.0,none
4APropriocepce,gestureSelected,7b,2.0,none
4APropriocepce,gesturePressed,6,3.0,none
4APropriocepce,gestureSelected,7c,3.0,none
4APropriocepce,gesturePressed,11,4.0,none
4APropriocepce,gestureSelected,2,4.0,none
4APropriocepce,gesturePressed,7c,5.0,none
4APropriocepce,gestureSelected,11,5.0,none
4APropriocepce,gesturePressed,7d,6.0,none
4APropriocepce,gestureSelected,6,6.0,none
5AOrientace,patientPosition_x,3.492111,1.0,meters
5AOrientace,patientPosition_y,1.313382,1.0,meters
5AOrientace,targetPosition_x,3.4065,1.0,meters
5AOrientace,targetPosition_y,1.164857,1.0,meters
5AOrientace,patientPosition_x,3.456861,2.0,meters
5AOrientace,patientPosition_y,1.306463,2.0,meters
5AOrientace,targetPosition_x,3.4065,2.0,meters
5AOrientace,targetPosition_y,1.164857,2.0,meters
5AOrientace,patientPosition_x,3.500798,3.0,meters
5AOrientace,patientPosition_y,1.258108,3.0,meters
5AOrientace,targetPosition_x,3.4065,3.0,meters
5AOrientace,targetPosition_y,1.164857,3.0,meters
7ASila,continuityData,"[{'Position': -28.60000038146972, 'Timestamp': '2025-01-21 09:28:04.743', 'Torque': 17.5}, {'Position': -19.70000076293945, 'Timestamp': '2025-01-21 09:28:04.949', 'Torque': 16.8}, {'Position': -15.30000019073486, 'Timestamp': '2025-01-21 09:28:05.154', 'Torque': 16.6}, {'Position': -12.39999961853027, 'Timestamp': '2025-01-21 09:28:05.359', 'Torque': 16.8}, {'Position': -9.899999618530273, 'Timestamp': '2025-01-21 09:28:05.563', 'Torque': 17.2}, {'Position': -6.90000009536743, 'Timestamp': '2025-01-21 09:28:05.768', 'Torque': 18}, {'Position': -2.799999952316284, 'Timestamp': '2025-01-21 09:28:05.974', 'Torque': 16.8}, {'Position': 1.100000023841858, 'Timestamp': '2025-01-21 09:28:06.179', 'Torque': 16.6}, {'Position': 3.799999952316284, 'Timestamp': '2025-01-21 09:28:06.384', 'Torque': 17.6}, {'Position': 8.199999809265137, 'Timestamp': '2025-01-21 09:28:06.589', 'Torque': 16.6}, {'Position': 12.19999980926513, 'Timestamp': '2025-01-21 09:28:06.794', 'Torque': 17.3}, {'Position': 15.30000019073486, 'Timestamp': '2025-01-21 09:28:06.999', 'Torque': 17.3}, {'Position': 19.60000038146972, 'Timestamp': '2025-01-21 09:28:07.203', 'Torque': 17.3}, {'Position': 23.70000076293945, 'Timestamp': '2025-01-21 09:28:07.408', 'Torque': 17.2}, {'Position': 27.39999961853027, 'Timestamp': '2025-01-21 09:28:07.612', 'Torque': 16.7}, {'Position': 31.79999923706054, 'Timestamp': '2025-01-21 09:28:07.817', 'Torque': 16.6}, {'Position': 35.20000076293945, 'Timestamp': '2025-01-21 09:28:08.021', 'Torque': 16.5}, {'Position': 38.5, 'Timestamp': '2025-01-21 09:28:08.225', 'Torque': 16.5}, {'Position': 41.79999923706054, 'Timestamp': '2025-01-21 09:28:08.429', 'Torque': 17.3}, {'Position': 47.29999923706054, 'Timestamp': '2025-01-21 09:28:08.633', 'Torque': 17.6}, {'Position': 53.20000076293945, 'Timestamp': '2025-01-21 09:28:08.837', 'Torque': 16.9}, {'Position': 56.79999923706054, 'Timestamp': '2025-01-21 09:28:09.042', 'Torque': 17.4}, {'Position': 61.5, 'Timestamp': '2025-01-21 09:28:09.246', 'Torque': 17.2}, {'Position': 66.5, 'Timestamp': '2025-01-21 09:28:09.450', 'Torque': 16.8}, {'Position': 71.4000015258789, 'Timestamp': '2025-01-21 09:28:09.653', 'Torque': 16.1}, {'Position': 76.5999984741211, 'Timestamp': '2025-01-21 09:28:09.857', 'Torque': 17}, {'Position': 79.9000015258789, 'Timestamp': '2025-01-21 09:28:10.061', 'Torque': 17.1}, {'Position': 83.69999694824217, 'Timestamp': '2025-01-21 09:28:10.266', 'Torque': 16.9}, {'Position': 89.0999984741211, 'Timestamp': '2025-01-21 09:28:10.470', 'Torque': 17.6}, {'Position': 91.5, 'Timestamp': '2025-01-21 09:28:10.674', 'Torque': 18.5}, {'Position': 93.5999984741211, 'Timestamp': '2025-01-21 09:28:10.878', 'Torque': 17.3}, {'Position': 95.5999984741211, 'Timestamp': '2025-01-21 09:28:11.082', 'Torque': 16.7}, {'Position': 98.9000015258789, 'Timestamp': '2025-01-21 09:28:11.287', 'Torque': 16.5}, {'Position': 103, 'Timestamp': '2025-01-21 09:28:11.491', 'Torque': 16.7}, {'Position': 107.4000015258789, 'Timestamp': '2025-01-21 09:28:11.695', 'Torque': 16.3}, {'Position': 110.8000030517578, 'Timestamp': '2025-01-21 09:28:11.899', 'Torque': 17.6}, {'Position': 116.699996948242, 'Timestamp': '2025-01-21 09:28:12.103', 'Torque': 16.2}, {'Position': 123.699996948242, 'Timestamp': '2025-01-21 09:28:12.307', 'Torque': 17.7}, {'Position': 128.3999938964843, 'Timestamp': '2025-01-21 09:28:12.511', 'Torque': 17.4}, {'Position': 132.8000030517578, 'Timestamp': '2025-01-21 09:28:12.715', 'Torque': 17.2}, {'Position': 136, 'Timestamp': '2025-01-21 09:28:12.919', 'Torque': 16.5}, {'Position': 139.6000061035156, 'Timestamp': '2025-01-21 09:28:13.123', 'Torque': 17.1}, {'Position': 144.8000030517578, 'Timestamp': '2025-01-21 09:28:13.327', 'Torque': 16.2}, {'Position': 151.8000030517578, 'Timestamp': '2025-01-21 09:28:13.533', 'Torque': 16.2}, {'Position': 155.199996948242, 'Timestamp': '2025-01-21 09:28:13.738', 'Torque': 17.9}, {'Position': 160.5, 'Timestamp': '2025-01-21 09:28:13.942', 'Torque': 17.5}, {'Position': 165.3000030517578, 'Timestamp': '2025-01-21 09:28:14.145', 'Torque': 16.7}, {'Position': 170.3999938964843, 'Timestamp': '2025-01-21 09:28:14.350', 'Torque': 17.7}, {'Position': 176.8000030517578, 'Timestamp': '2025-01-21 09:28:14.554', 'Torque': 17.9}, {'Position': 181.6000061035156, 'Timestamp': '2025-01-21 09:28:14.758', 'Torque': 17}, {'Position': 187.3000030517578, 'Timestamp': '2025-01-21 09:28:14.962', 'Torque': 16.6}, {'Position': 191.1000061035156, 'Timestamp': '2025-01-21 09:28:15.166', 'Torque': 17.7}, {'Position': 196.5, 'Timestamp': '2025-01-21 09:28:15.371', 'Torque': 16.6}, {'Position': 203.8000030517578, 'Timestamp': '2025-01-21 09:28:15.575', 'Torque': 15.8}, {'Position': 209.3999938964843, 'Timestamp': '2025-01-21 09:28:15.779', 'Torque': 16.5}, {'Position': 214.3000030517578, 'Timestamp': '2025-01-21 09:28:15.983', 'Torque': 17}, {'Position': 219.8999938964843, 'Timestamp': '2025-01-21 09:28:16.187', 'Torque': 16.5}, {'Position': 226.3000030517578, 'Timestamp': '2025-01-21 09:28:16.392', 'Torque': 17.3}, {'Position': 229.8999938964843, 'Timestamp': '2025-01-21 09:28:16.596', 'Torque': 17.2}, {'Position': 235, 'Timestamp': '2025-01-21 09:28:16.800', 'Torque': 16.9}, {'Position': 238.8999938964843, 'Timestamp': '2025-01-21 09:28:17.004', 'Torque': 15.5}, {'Position': 243.699996948242, 'Timestamp': '2025-01-21 09:28:17.208', 'Torque': 17}, {'Position': 249.1000061035156, 'Timestamp': '2025-01-21 09:28:17.411', 'Torque': 17.7}, {'Position': 255.3000030517578, 'Timestamp': '2025-01-21 09:28:17.615', 'Torque': 16.4}, {'Position': 259.7999877929687, 'Timestamp': '2025-01-21 09:28:17.819', 'Torque': 16.9}, {'Position': 263.1000061035156, 'Timestamp': '2025-01-21 09:28:18.024', 'Torque': 16.8}, {'Position': 267.2999877929687, 'Timestamp': '2025-01-21 09:28:18.227', 'Torque': 17}, {'Position': 267.3999938964843, 'Timestamp': '2025-01-21 09:28:18.431', 'Torque': 16.9}, {'Position': 267.3999938964843, 'Timestamp': '2025-01-21 09:28:18.635', 'Torque': 16.9}, {'Position': 267.3999938964843, 'Timestamp': '2025-01-21 09:28:18.839', 'Torque': 17.2}, {'Position': 267.3999938964843, 'Timestamp': '2025-01-21 09:28:19.043', 'Torque': 17.3}, {'Position': 267.3999938964843, 'Timestamp': '2025-01-21 09:28:19.246', 'Torque': 17.2}, {'Position': 265.5, 'Timestamp': '2025-01-21 09:28:19.450', 'Torque': 16.9}, {'Position': 260.7999877929687, 'Timestamp': '2025-01-21 09:28:19.655', 'Torque': 17.2}, {'Position': 254.8999938964843, 'Timestamp': '2025-01-21 09:28:19.859', 'Torque': 17.6}, {'Position': 246.8000030517578, 'Timestamp': '2025-01-21 09:28:20.063', 'Torque': 16.8}, {'Position': 236.3000030517578, 'Timestamp': '2025-01-21 09:28:20.267', 'Torque': 17.5}, {'Position': 229.3999938964843, 'Timestamp': '2025-01-21 09:28:20.471', 'Torque': 16.5}, {'Position': 224.3999938964843, 'Timestamp': '2025-01-21 09:28:20.676', 'Torque': 16.5}, {'Position': 219.8000030517578, 'Timestamp': '2025-01-21 09:28:20.880', 'Torque': 16.6}, {'Position': 215.3999938964843, 'Timestamp': '2025-01-21 09:28:21.084', 'Torque': 16.8}, {'Position': 208.699996948242, 'Timestamp': '2025-01-21 09:28:21.288', 'Torque': 15.5}, {'Position': 201.3999938964843, 'Timestamp': '2025-01-21 09:28:21.492', 'Torque': 16.8}, {'Position': 191.699996948242, 'Timestamp': '2025-01-21 09:28:21.696', 'Torque': 16.8}, {'Position': 179.8000030517578, 'Timestamp': '2025-01-21 09:28:21.900', 'Torque': 16.7}, {'Position': 171.1000061035156, 'Timestamp': '2025-01-21 09:28:22.104', 'Torque': 17.5}, {'Position': 164.3000030517578, 'Timestamp': '2025-01-21 09:28:22.308', 'Torque': 17.3}, {'Position': 156, 'Timestamp': '2025-01-21 09:28:22.512', 'Torque': 16.7}, {'Position': 145.699996948242, 'Timestamp': '2025-01-21 09:28:22.717', 'Torque': 18.2}, {'Position': 133.5, 'Timestamp': '2025-01-21 09:28:22.921', 'Torque': 16.8}, {'Position': 120.4000015258789, 'Timestamp': '2025-01-21 09:28:23.125', 'Torque': 16.9}, {'Position': 109.9000015258789, 'Timestamp': '2025-01-21 09:28:23.328', 'Torque': 18}, {'Position': 95.69999694824217, 'Timestamp': '2025-01-21 09:28:23.532', 'Torque': 17.1}, {'Position': 84, 'Timestamp': '2025-01-21 09:28:23.736', 'Torque': 16.2}, {'Position': 72.0999984741211, 'Timestamp': '2025-01-21 09:28:23.940', 'Torque': 18.4}, {'Position': 65.0999984741211, 'Timestamp': '2025-01-21 09:28:24.144', 'Torque': 17.2}, {'Position': 59.59999847412109, 'Timestamp': '2025-01-21 09:28:24.348', 'Torque': 16.6}, {'Position': 54.9000015258789, 'Timestamp': '2025-01-21 09:28:24.553', 'Torque': 17.6}, {'Position': 48.9000015258789, 'Timestamp': '2025-01-21 09:28:24.758', 'Torque': 17.5}, {'Position': 42.20000076293945, 'Timestamp': '2025-01-21 09:28:24.961', 'Torque': 16.9}, {'Position': 34.70000076293945, 'Timestamp': '2025-01-21 09:28:25.164', 'Torque': 17.7}, {'Position': 24.5, 'Timestamp': '2025-01-21 09:28:25.368', 'Torque': 17}, {'Position': 17.70000076293945, 'Timestamp': '2025-01-21 09:28:25.573', 'Torque': 16.8}, {'Position': 13.5, 'Timestamp': '2025-01-21 09:28:25.777', 'Torque': 17.2}, {'Position': 8.899999618530273, 'Timestamp': '2025-01-21 09:28:25.982', 'Torque': 15.5}, {'Position': 4.5, 'Timestamp': '2025-01-21 09:28:26.186', 'Torque': 18.4}, {'Position': 0, 'Timestamp': '2025-01-21 09:28:26.391', 'Torque': 17.5}, {'Position': -4.599999904632568, 'Timestamp': '2025-01-21 09:28:26.595', 'Torque': 16.5}, {'Position': -12.39999961853027, 'Timestamp': '2025-01-21 09:28:26.799', 'Torque': 16.9}, {'Position': -21, 'Timestamp': '2025-01-21 09:28:27.004', 'Torque': 17.1}, {'Position': -30.20000076293945, 'Timestamp': '2025-01-21 09:28:27.208', 'Torque': 17.5}, {'Position': -32.29999923706054, 'Timestamp': '2025-01-21 09:28:27.412', 'Torque': 17.5}, {'Position': -32.29999923706054, 'Timestamp': '2025-01-21 09:28:27.617', 'Torque': 18.2}, {'Position': -32.29999923706054, 'Timestamp': '2025-01-21 09:28:27.821', 'Torque': 16.9}, {'Position': -32.29999923706054, 'Timestamp': '2025-01-21 09:28:28.025', 'Torque': 16.3}, {'Position': -32.29999923706054, 'Timestamp': '2025-01-21 09:28:28.229', 'Torque': 16.2}, {'Position': -32.29999923706054, 'Timestamp': '2025-01-21 09:28:28.433', 'Torque': 16.2}, {'Position': -32.29999923706054, 'Timestamp': '2025-01-21 09:28:28.637', 'Torque': 18.2}, {'Position': -32.29999923706054, 'Timestamp': '2025-01-21 09:28:28.841', 'Torque': 17.2}, {'Position': -32.29999923706054, 'Timestamp': '2025-01-21 09:28:29.043', 'Torque': 17.8}, {'Position': -32.29999923706054, 'Timestamp': '2025-01-21 09:28:29.247', 'Torque': 17.5}]",,
7ASila,positionKPReached,2025-01-21 09:28:17.411,,
7ASila,positionROneReached,2025-01-21 09:28:06.589,,
7ASila,positionRTwoReached,2025-01-21 09:28:25.982,,
7ASila,reactionData,"[{'Position': 102.599998474121, 'Timestamp': '2025-01-21 09:28:40.837', 'Torque': 0}, {'Position': 108.5, 'Timestamp': '2025-01-21 09:28:41.136', 'Torque': 19.5}, {'Position': 108.5, 'Timestamp': '2025-01-21 09:28:41.436', 'Torque': 40.1}, {'Position': 102.199996948242, 'Timestamp': '2025-01-21 09:28:41.737', 'Torque': 10.4}, {'Position': 99.8000030517578, 'Timestamp': '2025-01-21 09:28:41.942', 'Torque': 0.8}, {'Position': 99.8000030517578, 'Timestamp': '2025-01-21 09:28:42.236', 'Torque': -0.8}, {'Position': 105.9000015258789, 'Timestamp': '2025-01-21 09:28:42.537', 'Torque': 19.6}, {'Position': 105.9000015258789, 'Timestamp': '2025-01-21 09:28:42.743', 'Torque': 30.2}, {'Position': 111.9000015258789, 'Timestamp': '2025-01-21 09:28:43.036', 'Torque': 30.5}, {'Position': 101.599998474121, 'Timestamp': '2025-01-21 09:28:43.336', 'Torque': 9.7}, {'Position': 109.599998474121, 'Timestamp': '2025-01-21 09:28:43.542', 'Torque': 29.3}, {'Position': 112, 'Timestamp': '2025-01-21 09:28:43.836', 'Torque': 49.7}, {'Position': 117.3000030517578, 'Timestamp': '2025-01-21 09:28:44.136', 'Torque': 70.5}, {'Position': 117.3000030517578, 'Timestamp': '2025-01-21 09:28:44.342', 'Torque': 51.7}, {'Position': 112.5, 'Timestamp': '2025-01-21 09:28:44.636', 'Torque': 29.2}, {'Position': 112.5, 'Timestamp': '2025-01-21 09:28:44.937', 'Torque': 48.9}, {'Position': 112.599998474121, 'Timestamp': '2025-01-21 09:28:45.142', 'Torque': 68.2}, {'Position': 112.599998474121, 'Timestamp': '2025-01-21 09:28:45.437', 'Torque': 79.4}, {'Position': 112.599998474121, 'Timestamp': '2025-01-21 09:28:45.736', 'Torque': 51.7}, {'Position': 109.4000015258789, 'Timestamp': '2025-01-21 09:28:45.941', 'Torque': 31.5}, {'Position': 97.69999694824217, 'Timestamp': '2025-01-21 09:28:46.236', 'Torque': 9.8}, {'Position': 97.8000030517578, 'Timestamp': '2025-01-21 09:28:46.535', 'Torque': 0}, {'Position': 103, 'Timestamp': '2025-01-21 09:28:46.741', 'Torque': 19.8}, {'Position': 101.8000030517578, 'Timestamp': '2025-01-21 09:28:47.037', 'Torque': 29.6}, {'Position': 103, 'Timestamp': '2025-01-21 09:28:47.337', 'Torque': 59.7}, {'Position': 104.9000015258789, 'Timestamp': '2025-01-21 09:28:47.542', 'Torque': 40.3}, {'Position': 100.699996948242, 'Timestamp': '2025-01-21 09:28:47.836', 'Torque': 19.4}, {'Position': 98.3000030517578, 'Timestamp': '2025-01-21 09:28:48.136', 'Torque': -0.2}, {'Position': 104, 'Timestamp': '2025-01-21 09:28:48.342', 'Torque': 18.4}, {'Position': 104.199996948242, 'Timestamp': '2025-01-21 09:28:48.637', 'Torque': 40.1}, {'Position': 108.3000030517578, 'Timestamp': '2025-01-21 09:28:48.937', 'Torque': 67.5}, {'Position': 117.3000030517578, 'Timestamp': '2025-01-21 09:28:49.143', 'Torque': 88.5}, {'Position': 117.3000030517578, 'Timestamp': '2025-01-21 09:28:49.436', 'Torque': 99.6}, {'Position': 117.3000030517578, 'Timestamp': '2025-01-21 09:28:49.736', 'Torque': 70.6}, {'Position': 117.3000030517578, 'Timestamp': '2025-01-21 09:28:49.941', 'Torque': 51.1}, {'Position': 112.4000015258789, 'Timestamp': '2025-01-21 09:28:50.237', 'Torque': 20.7}, {'Position': 101.8000030517578, 'Timestamp': '2025-01-21 09:28:50.536', 'Torque': -1.6}, {'Position': 109.3000030517578, 'Timestamp': '2025-01-21 09:28:50.741', 'Torque': 18.8}, {'Position': 108.3000030517578, 'Timestamp': '2025-01-21 09:28:51.036', 'Torque': 30}, {'Position': 109.099998474121, 'Timestamp': '2025-01-21 09:28:51.337', 'Torque': 58.5}, {'Position': 115.5, 'Timestamp': '2025-01-21 09:28:51.542', 'Torque': 79.5}, {'Position': 115.599998474121, 'Timestamp': '2025-01-21 09:28:51.836', 'Torque': 100.6}, {'Position': 115.599998474121, 'Timestamp': '2025-01-21 09:28:52.136', 'Torque': 71}, {'Position': 115.5, 'Timestamp': '2025-01-21 09:28:52.341', 'Torque': 51.2}, {'Position': 115, 'Timestamp': '2025-01-21 09:28:52.545', 'Torque': 50.3}, {'Position': 115, 'Timestamp': '2025-01-21 09:28:52.750', 'Torque': 50}, {'Position': 115, 'Timestamp': '2025-01-21 09:28:53.037', 'Torque': 50}, {'Position': 108.699996948242, 'Timestamp': '2025-01-21 09:28:53.336', 'Torque': 20.8}, {'Position': 122.199996948242, 'Timestamp': '2025-01-21 09:28:53.540', 'Torque': 38.5}, {'Position': 123.9000015258789, 'Timestamp': '2025-01-21 09:28:53.836', 'Torque': 69.6}, {'Position': 124, 'Timestamp': '2025-01-21 09:28:54.135', 'Torque': 99.4}, {'Position': 124, 'Timestamp': '2025-01-21 09:28:54.339', 'Torque': 80.5}, {'Position': 122.9000015258789, 'Timestamp': '2025-01-21 09:28:54.637', 'Torque': 49.7}, {'Position': 109.5, 'Timestamp': '2025-01-21 09:28:54.936', 'Torque': 20.1}, {'Position': 99, 'Timestamp': '2025-01-21 09:28:55.141', 'Torque': 2}, {'Position': 78, 'Timestamp': '2025-01-21 09:28:55.436', 'Torque': -0.2}, {'Position': 96.0999984741211, 'Timestamp': '2025-01-21 09:28:55.737', 'Torque': 28.9}, {'Position': 93, 'Timestamp': '2025-01-21 09:28:55.942', 'Torque': 18.7}, {'Position': 92.9000015258789, 'Timestamp': '2025-01-21 09:28:56.236', 'Torque': 20.1}, {'Position': 97, 'Timestamp': '2025-01-21 09:28:56.536', 'Torque': 50.9}, {'Position': 101.3000030517578, 'Timestamp': '2025-01-21 09:28:56.742', 'Torque': 69.2}, {'Position': 105.699996948242, 'Timestamp': '2025-01-21 09:28:57.038', 'Torque': 98.4}, {'Position': 105.699996948242, 'Timestamp': '2025-01-21 09:28:57.336', 'Torque': 70.7}, {'Position': 105.699996948242, 'Timestamp': '2025-01-21 09:28:57.540', 'Torque': 69.1}, {'Position': 105.699996948242, 'Timestamp': '2025-01-21 09:28:57.836', 'Torque': 69.7}, {'Position': 105.699996948242, 'Timestamp': '2025-01-21 09:28:58.136', 'Torque': 40.4}, {'Position': 104.599998474121, 'Timestamp': '2025-01-21 09:28:58.341', 'Torque': 20.5}, {'Position': 92.5999984741211, 'Timestamp': '2025-01-21 09:28:58.636', 'Torque': 10.8}, {'Position': 102.099998474121, 'Timestamp': '2025-01-21 09:28:58.936', 'Torque': 39.1}, {'Position': 102.099998474121, 'Timestamp': '2025-01-21 09:28:59.140', 'Torque': 29.9}, {'Position': 102.4000015258789, 'Timestamp': '2025-01-21 09:28:59.436', 'Torque': 30.6}, {'Position': 100.4000015258789, 'Timestamp': '2025-01-21 09:28:59.736', 'Torque': 10.9}, {'Position': 102.4000015258789, 'Timestamp': '2025-01-21 09:28:59.941', 'Torque': 29.6}, {'Position': 105.5, 'Timestamp': '2025-01-21 09:29:00.237', 'Torque': 30.6}]",,
7ASila,reactionTestSet,"[{'Id': 1, 'Time': '2025-01-21 09:28:40.931', 'Torque': 20}, {'Id': 2, 'Time': '2025-01-21 09:28:41.331', 'Torque': 40}, {'Id': 3, 'Time': '2025-01-21 09:28:41.731', 'Torque': 10}, {'Id': 4, 'Time': '2025-01-21 09:28:42.131', 'Torque': 0}, {'Id': 5, 'Time': '2025-01-21 09:28:42.531', 'Torque': 20}, {'Id': 6, 'Time': '2025-01-21 09:28:42.931', 'Torque': 30}, {'Id': 7, 'Time': '2025-01-21 09:28:43.331', 'Torque': 10}, {'Id': 8, 'Time': '2025-01-21 09:28:43.731', 'Torque': 50}, {'Id': 9, 'Time': '2025-01-21 09:28:44.131', 'Torque': 70}, {'Id': 10, 'Time': '2025-01-21 09:28:44.531', 'Torque': 30}, {'Id': 11, 'Time': '2025-01-21 09:28:44.931', 'Torque': 50}, {'Id': 12, 'Time': '2025-01-21 09:28:45.331', 'Torque': 80}, {'Id': 13, 'Time': '2025-01-21 09:28:45.731', 'Torque': 40}, {'Id': 14, 'Time': '2025-01-21 09:28:46.131', 'Torque': 10}, {'Id': 15, 'Time': '2025-01-21 09:28:46.531', 'Torque': 0}, {'Id': 16, 'Time': '2025-01-21 09:28:46.931', 'Torque': 30}, {'Id': 17, 'Time': '2025-01-21 09:28:47.331', 'Torque': 60}, {'Id': 18, 'Time': '2025-01-21 09:28:47.731', 'Torque': 20}, {'Id': 19, 'Time': '2025-01-21 09:28:48.131', 'Torque': 0}, {'Id': 20, 'Time': '2025-01-21 09:28:48.531', 'Torque': 40}, {'Id': 21, 'Time': '2025-01-21 09:28:48.931', 'Torque': 80}, {'Id': 22, 'Time': '2025-01-21 09:28:49.331', 'Torque': 100}, {'Id': 23, 'Time': '2025-01-21 09:28:49.731', 'Torque': 50}, {'Id': 24, 'Time': '2025-01-21 09:28:50.131', 'Torque': 20}, {'Id': 25, 'Time': '2025-01-21 09:28:50.531', 'Torque': 0}, {'Id': 26, 'Time': '2025-01-21 09:28:50.931', 'Torque': 30}, {'Id': 27, 'Time': '2025-01-21 09:28:51.331', 'Torque': 80}, {'Id': 28, 'Time': '2025-01-21 09:28:51.731', 'Torque': 100}, {'Id': 29, 'Time': '2025-01-21 09:28:52.131', 'Torque': 20}, {'Id': 30, 'Time': '2025-01-21 09:28:52.531', 'Torque': 50}, {'Id': 31, 'Time': '2025-01-21 09:28:52.931', 'Torque': 50}, {'Id': 32, 'Time': '2025-01-21 09:28:53.331', 'Torque': 20}, {'Id': 33, 'Time': '2025-01-21 09:28:53.731', 'Torque': 70}, {'Id': 34, 'Time': '2025-01-21 09:28:54.131', 'Torque': 100}, {'Id': 35, 'Time': '2025-01-21 09:28:54.531', 'Torque': 30}, {'Id': 36, 'Time': '2025-01-21 09:28:54.931', 'Torque': 10}, {'Id': 37, 'Time': '2025-01-21 09:28:55.331', 'Torque': 0}, {'Id': 38, 'Time': '2025-01-21 09:28:55.731', 'Torque': 30}, {'Id': 39, 'Time': '2025-01-21 09:28:56.131', 'Torque': 20}, {'Id': 40, 'Time': '2025-01-21 09:28:56.531', 'Torque': 80}, {'Id': 41, 'Time': '2025-01-21 09:28:56.931', 'Torque': 100}, {'Id': 42, 'Time': '2025-01-21 09:28:57.331', 'Torque': 50}, {'Id': 43, 'Time': '2025-01-21 09:28:57.731', 'Torque': 70}, {'Id': 44, 'Time': '2025-01-21 09:28:58.131', 'Torque': 30}, {'Id': 45, 'Time': '2025-01-21 09:28:58.531', 'Torque': 10}, {'Id': 46, 'Time': '2025-01-21 09:28:58.931', 'Torque': 50}, {'Id': 47, 'Time': '2025-01-21 09:28:59.331', 'Torque': 30}, {'Id': 48, 'Time': '2025-01-21 09:28:59.731', 'Torque': 10}, {'Id': 49, 'Time': '2025-01-21 09:29:00.131', 'Torque': 30}, {'Id': 50, 'Time': '2025-01-21 09:29:00.531', 'Torque': 10}]",,
7ASila,testContinuityFinished,2025-01-21 09:28:29.941,,
7ASila,testContinuityStarted,2025-01-21 09:28:04.537,,
7ASila,testReactionFinished,2025-01-21 09:29:00.648,,
7ASila,testReactionStarted,2025-01-21 09:28:40.531,,
7ASila,continuityData,"[{'Position': -31.39999961853027, 'Timestamp': '2025-01-21 09:29:35.342', 'Torque': 17.2}, {'Position': -30.89999961853027, 'Timestamp': '2025-01-21 09:29:35.548', 'Torque': 17.1}, {'Position': -30.89999961853027, 'Timestamp': '2025-01-21 09:29:35.753', 'Torque': 17.9}, {'Position': -30.89999961853027, 'Timestamp': '2025-01-21 09:29:35.958', 'Torque': 17.6}, {'Position': -30.89999961853027, 'Timestamp': '2025-01-21 09:29:36.162', 'Torque': 17.1}, {'Position': -30.89999961853027, 'Timestamp': '2025-01-21 09:29:36.368', 'Torque': 17}, {'Position': -30.60000038146972, 'Timestamp': '2025-01-21 09:29:36.573', 'Torque': 17}, {'Position': -29.70000076293945, 'Timestamp': '2025-01-21 09:29:36.779', 'Torque': 17}, {'Position': -28.60000038146972, 'Timestamp': '2025-01-21 09:29:36.983', 'Torque': 17.4}, {'Position': -27.60000038146972, 'Timestamp': '2025-01-21 09:29:37.187', 'Torque': 16.6}, {'Position': -25.29999923706054, 'Timestamp': '2025-01-21 09:29:37.392', 'Torque': 16.9}, {'Position': -24.10000038146972, 'Timestamp': '2025-01-21 09:29:37.597', 'Torque': 17.5}, {'Position': -22.20000076293945, 'Timestamp': '2025-01-21 09:29:37.802', 'Torque': 17.6}, {'Position': -20.60000038146972, 'Timestamp': '2025-01-21 09:29:38.007', 'Torque': 17.3}, {'Position': -17.39999961853027, 'Timestamp': '2025-01-21 09:29:38.212', 'Torque': 17.8}, {'Position': -15.5, 'Timestamp': '2025-01-21 09:29:38.416', 'Torque': 16.5}, {'Position': -12.19999980926513, 'Timestamp': '2025-01-21 09:29:38.621', 'Torque': 16.4}, {'Position': -9.199999809265137, 'Timestamp': '2025-01-21 09:29:38.825', 'Torque': 18}, {'Position': -5.300000190734863, 'Timestamp': '2025-01-21 09:29:39.031', 'Torque': 16.9}, {'Position': -0.6000000238418579, 'Timestamp': '2025-01-21 09:29:39.236', 'Torque': 17.3}, {'Position': 1.700000047683716, 'Timestamp': '2025-01-21 09:29:39.440', 'Torque': 17.3}, {'Position': 2.5, 'Timestamp': '2025-01-21 09:29:39.644', 'Torque': 16.2}, {'Position': 7.199999809265136, 'Timestamp': '2025-01-21 09:29:39.849', 'Torque': 17.1}, {'Position': 11.60000038146972, 'Timestamp': '2025-01-21 09:29:40.054', 'Torque': 16.2}, {'Position': 15.60000038146972, 'Timestamp': '2025-01-21 09:29:40.258', 'Torque': 16.6}, {'Position': 20.5, 'Timestamp': '2025-01-21 09:29:40.463', 'Torque': 16.8}, {'Position': 25.39999961853027, 'Timestamp': '2025-01-21 09:29:40.668', 'Torque': 17.4}, {'Position': 29.39999961853027, 'Timestamp': '2025-01-21 09:29:40.872', 'Torque': 16.9}, {'Position': 33.9000015258789, 'Timestamp': '2025-01-21 09:29:41.076', 'Torque': 16.5}, {'Position': 37.70000076293945, 'Timestamp': '2025-01-21 09:29:41.281', 'Torque': 16.6}, {'Position': 42.70000076293945, 'Timestamp': '2025-01-21 09:29:41.485', 'Torque': 16.2}, {'Position': 47.20000076293945, 'Timestamp': '2025-01-21 09:29:41.690', 'Torque': 17.9}, {'Position': 53.9000015258789, 'Timestamp': '2025-01-21 09:29:41.894', 'Torque': 16.8}, {'Position': 58.29999923706054, 'Timestamp': '2025-01-21 09:29:42.099', 'Torque': 16.7}, {'Position': 64.0999984741211, 'Timestamp': '2025-01-21 09:29:42.304', 'Torque': 17.5}, {'Position': 68.3000030517578, 'Timestamp': '2025-01-21 09:29:42.508', 'Torque': 15}, {'Position': 74, 'Timestamp': '2025-01-21 09:29:42.713', 'Torque': 17}, {'Position': 79.4000015258789, 'Timestamp': '2025-01-21 09:29:42.917', 'Torque': 17.2}, {'Position': 85.8000030517578, 'Timestamp': '2025-01-21 09:29:43.122', 'Torque': 16.1}, {'Position': 91.3000030517578, 'Timestamp': '2025-01-21 09:29:43.326', 'Torque': 17}, {'Position': 93.69999694824217, 'Timestamp': '2025-01-21 09:29:43.531', 'Torque': 17.3}, {'Position': 100.099998474121, 'Timestamp': '2025-01-21 09:29:43.735', 'Torque': 17.4}, {'Position': 105.099998474121, 'Timestamp': '2025-01-21 09:29:43.940', 'Torque': 17.4}, {'Position': 109.8000030517578, 'Timestamp': '2025-01-21 09:29:44.144', 'Torque': 16}, {'Position': 115.9000015258789, 'Timestamp': '2025-01-21 09:29:44.349', 'Torque': 17.9}, {'Position': 122.4000015258789, 'Timestamp': '2025-01-21 09:29:44.553', 'Torque': 17.2}, {'Position': 127.3000030517578, 'Timestamp': '2025-01-21 09:29:44.757', 'Torque': 17.9}, {'Position': 134.6000061035156, 'Timestamp': '2025-01-21 09:29:44.962', 'Torque': 17.3}, {'Position': 139.699996948242, 'Timestamp': '2025-01-21 09:29:45.167', 'Torque': 18.2}, {'Position': 145.3999938964843, 'Timestamp': '2025-01-21 09:29:45.371', 'Torque': 17.3}, {'Position': 152.5, 'Timestamp': '2025-01-21 09:29:45.576', 'Torque': 18.2}, {'Position': 158.6000061035156, 'Timestamp': '2025-01-21 09:29:45.780', 'Torque': 17}, {'Position': 166.6000061035156, 'Timestamp': '2025-01-21 09:29:45.984', 'Torque': 15.7}, {'Position': 173.699996948242, 'Timestamp': '2025-01-21 09:29:46.189', 'Torque': 17.7}, {'Position': 180.1000061035156, 'Timestamp': '2025-01-21 09:29:46.393', 'Torque': 17.2}, {'Position': 188.8000030517578, 'Timestamp': '2025-01-21 09:29:46.598', 'Torque': 17.1}, {'Position': 196.199996948242, 'Timestamp': '2025-01-21 09:29:46.802', 'Torque': 17.3}, {'Position': 204.6000061035156, 'Timestamp': '2025-01-21 09:29:47.006', 'Torque': 17}, {'Position': 210.3000030517578, 'Timestamp': '2025-01-21 09:29:47.211', 'Torque': 17.9}, {'Position': 217.1000061035156, 'Timestamp': '2025-01-21 09:29:47.415', 'Torque': 16.5}, {'Position': 222.199996948242, 'Timestamp': '2025-01-21 09:29:47.619', 'Torque': 16}, {'Position': 226.6000061035156, 'Timestamp': '2025-01-21 09:29:47.823', 'Torque': 20.5}, {'Position': 231, 'Timestamp': '2025-01-21 09:29:48.028', 'Torque': 16.3}, {'Position': 242.199996948242, 'Timestamp': '2025-01-21 09:29:48.232', 'Torque': 16.5}, {'Position': 247.699996948242, 'Timestamp': '2025-01-21 09:29:48.436', 'Torque': 16.8}, {'Position': 255.699996948242, 'Timestamp': '2025-01-21 09:29:48.640', 'Torque': 17.3}, {'Position': 261.3999938964843, 'Timestamp': '2025-01-21 09:29:48.844', 'Torque': 16.9}, {'Position': 266.5, 'Timestamp': '2025-01-21 09:29:49.049', 'Torque': 17.2}, {'Position': 267.3999938964843, 'Timestamp': '2025-01-21 09:29:49.253', 'Torque': 16.9}, {'Position': 267.3999938964843, 'Timestamp': '2025-01-21 09:29:49.457', 'Torque': 17.5}, {'Position': 267.3999938964843, 'Timestamp': '2025-01-21 09:29:49.661', 'Torque': 17.3}, {'Position': 265.8999938964843, 'Timestamp': '2025-01-21 09:29:49.865', 'Torque': 16.4}, {'Position': 261.2999877929687, 'Timestamp': '2025-01-21 09:29:50.070', 'Torque': 16.6}, {'Position': 255.8999938964843, 'Timestamp': '2025-01-21 09:29:50.274', 'Torque': 17.4}, {'Position': 248.8999938964843, 'Timestamp': '2025-01-21 09:29:50.479', 'Torque': 17.2}, {'Position': 242, 'Timestamp': '2025-01-21 09:29:50.683', 'Torque': 16.9}, {'Position': 236.3999938964843, 'Timestamp': '2025-01-21 09:29:50.887', 'Torque': 16.6}, {'Position': 231.3000030517578, 'Timestamp': '2025-01-21 09:29:51.092', 'Torque': 15.8}, {'Position': 226.6000061035156, 'Timestamp': '2025-01-21 09:29:51.296', 'Torque': 16.6}, {'Position': 223.199996948242, 'Timestamp': '2025-01-21 09:29:51.500', 'Torque': 16.9}, {'Position': 220.1000061035156, 'Timestamp': '2025-01-21 09:29:51.704', 'Torque': 16.6}, {'Position': 216, 'Timestamp': '2025-01-21 09:29:51.909', 'Torque': 17}, {'Position': 210.3999938964843, 'Timestamp': '2025-01-21 09:29:52.113', 'Torque': 17}, {'Position': 203.8999938964843, 'Timestamp': '2025-01-21 09:29:52.317', 'Torque': 18.3}, {'Position': 197, 'Timestamp': '2025-01-21 09:29:52.522', 'Torque': 16.9}, {'Position': 188, 'Timestamp': '2025-01-21 09:29:52.726', 'Torque': 17.1}, {'Position': 179.8000030517578, 'Timestamp': '2025-01-21 09:29:52.930', 'Torque': 17.1}, {'Position': 171.6000061035156, 'Timestamp': '2025-01-21 09:29:53.134', 'Torque': 17.8}, {'Position': 167.3000030517578, 'Timestamp': '2025-01-21 09:29:53.338', 'Torque': 17.3}, {'Position': 161.5, 'Timestamp': '2025-01-21 09:29:53.543', 'Torque': 16.5}, {'Position': 156.199996948242, 'Timestamp': '2025-01-21 09:29:53.747', 'Torque': 17.4}, {'Position': 149.8000030517578, 'Timestamp': '2025-01-21 09:29:53.951', 'Torque': 17.2}, {'Position': 142.699996948242, 'Timestamp': '2025-01-21 09:29:54.155', 'Torque': 18.2}, {'Position': 133.199996948242, 'Timestamp': '2025-01-21 09:29:54.360', 'Torque': 17}, {'Position': 124.8000030517578, 'Timestamp': '2025-01-21 09:29:54.564', 'Torque': 17.6}, {'Position': 117.5, 'Timestamp': '2025-01-21 09:29:54.768', 'Torque': 17.5}, {'Position': 110.8000030517578, 'Timestamp': '2025-01-21 09:29:54.972', 'Torque': 17.4}, {'Position': 103, 'Timestamp': '2025-01-21 09:29:55.176', 'Torque': 17.3}, {'Position': 95.9000015258789, 'Timestamp': '2025-01-21 09:29:55.381', 'Torque': 17.7}, {'Position': 88.5999984741211, 'Timestamp': '2025-01-21 09:29:55.585', 'Torque': 17}, {'Position': 79.5, 'Timestamp': '2025-01-21 09:29:55.789', 'Torque': 18.1}, {'Position': 67.4000015258789, 'Timestamp': '2025-01-21 09:29:55.993', 'Torque': 16.5}, {'Position': 60.29999923706054, 'Timestamp': '2025-01-21 09:29:56.197', 'Torque': 17.9}, {'Position': 53.4000015258789, 'Timestamp': '2025-01-21 09:29:56.401', 'Torque': 17.4}, {'Position': 46.20000076293945, 'Timestamp': '2025-01-21 09:29:56.606', 'Torque': 17.9}, {'Position': 36.59999847412109, 'Timestamp': '2025-01-21 09:29:56.810', 'Torque': 17.5}, {'Position': 26.60000038146972, 'Timestamp': '2025-01-21 09:29:57.014', 'Torque': 16.8}, {'Position': 18.60000038146972, 'Timestamp': '2025-01-21 09:29:57.218', 'Torque': 15.8}, {'Position': 11, 'Timestamp': '2025-01-21 09:29:57.422', 'Torque': 16.2}, {'Position': 4.199999809265136, 'Timestamp': '2025-01-21 09:29:57.627', 'Torque': 16.9}, {'Position': -3.599999904632568, 'Timestamp': '2025-01-21 09:29:57.831', 'Torque': 15.9}, {'Position': -15.60000038146972, 'Timestamp': '2025-01-21 09:29:58.035', 'Torque': 17.7}, {'Position': -24.79999923706054, 'Timestamp': '2025-01-21 09:29:58.239', 'Torque': 17}, {'Position': -32.29999923706054, 'Timestamp': '2025-01-21 09:29:58.443', 'Torque': 15.9}, {'Position': -32.29999923706054, 'Timestamp': '2025-01-21 09:29:58.647', 'Torque': 17.2}, {'Position': -32.29999923706054, 'Timestamp': '2025-01-21 09:29:58.851', 'Torque': 16.9}, {'Position': -32.29999923706054, 'Timestamp': '2025-01-21 09:29:59.055', 'Torque': 16.9}, {'Position': -32.29999923706054, 'Timestamp': '2025-01-21 09:29:59.259', 'Torque': 16.9}, {'Position': -32.29999923706054, 'Timestamp': '2025-01-21 09:29:59.463', 'Torque': 16.9}, {'Position': -32.29999923706054, 'Timestamp': '2025-01-21 09:29:59.667', 'Torque': 17.2}]",,
7ASila,positionKPReached,2025-01-21 09:29:48.436,,
7ASila,positionROneReached,2025-01-21 09:29:39.849,,
7ASila,positionRTwoReached,2025-01-21 09:29:57.422,,
7ASila,reactionData,"[{'Position': 101.699996948242, 'Timestamp': '2025-01-21 09:30:11.836', 'Torque': -1.3}, {'Position': 107.099998474121, 'Timestamp': '2025-01-21 09:30:12.136', 'Torque': 19.3}, {'Position': 107.199996948242, 'Timestamp': '2025-01-21 09:30:12.436', 'Torque': 40.8}, {'Position': 107.099998474121, 'Timestamp': '2025-01-21 09:30:12.735', 'Torque': 11.3}, {'Position': 96.5, 'Timestamp': '2025-01-21 09:30:12.940', 'Torque': -0.6}, {'Position': 96.5999984741211, 'Timestamp': '2025-01-21 09:30:13.236', 'Torque': -0.4}, {'Position': 107.4000015258789, 'Timestamp': '2025-01-21 09:30:13.537', 'Torque': 20.1}, {'Position': 107.099998474121, 'Timestamp': '2025-01-21 09:30:13.743', 'Torque': 28.5}, {'Position': 122.199996948242, 'Timestamp': '2025-01-21 09:30:14.036', 'Torque': 28.8}, {'Position': 100.8000030517578, 'Timestamp': '2025-01-21 09:30:14.337', 'Torque': 8.2}, {'Position': 98.19999694824217, 'Timestamp': '2025-01-21 09:30:14.542', 'Torque': 29.8}, {'Position': 107.699996948242, 'Timestamp': '2025-01-21 09:30:14.837', 'Torque': 49.8}, {'Position': 112.199996948242, 'Timestamp': '2025-01-21 09:30:15.136', 'Torque': 71}, {'Position': 112.099998474121, 'Timestamp': '2025-01-21 09:30:15.341', 'Torque': 52.2}, {'Position': 107.099998474121, 'Timestamp': '2025-01-21 09:30:15.637', 'Torque': 29.4}, {'Position': 107.199996948242, 'Timestamp': '2025-01-21 09:30:15.936', 'Torque': 49.3}, {'Position': 125.599998474121, 'Timestamp': '2025-01-21 09:30:16.141', 'Torque': 69.9}, {'Position': 125.599998474121, 'Timestamp': '2025-01-21 09:30:16.436', 'Torque': 80.2}, {'Position': 122.3000030517578, 'Timestamp': '2025-01-21 09:30:16.736', 'Torque': 50.9}, {'Position': 109, 'Timestamp': '2025-01-21 09:30:16.941', 'Torque': 30.9}, {'Position': 97.4000015258789, 'Timestamp': '2025-01-21 09:30:17.236', 'Torque': 9.3}, {'Position': 92.0999984741211, 'Timestamp': '2025-01-21 09:30:17.536', 'Torque': -0.7}, {'Position': 101.199996948242, 'Timestamp': '2025-01-21 09:30:17.741', 'Torque': 18.7}, {'Position': 102.9000015258789, 'Timestamp': '2025-01-21 09:30:18.037', 'Torque': 29.1}, {'Position': 104.599998474121, 'Timestamp': '2025-01-21 09:30:18.337', 'Torque': 59.4}, {'Position': 112.3000030517578, 'Timestamp': '2025-01-21 09:30:18.542', 'Torque': 40.2}, {'Position': 100.5, 'Timestamp': '2025-01-21 09:30:18.836', 'Torque': 20.1}, {'Position': 93.3000030517578, 'Timestamp': '2025-01-21 09:30:19.137', 'Torque': -0.7}, {'Position': 102.699996948242, 'Timestamp': '2025-01-21 09:30:19.342', 'Torque': 18.7}, {'Position': 106.199996948242, 'Timestamp': '2025-01-21 09:30:19.635', 'Torque': 40.7}, {'Position': 106.199996948242, 'Timestamp': '2025-01-21 09:30:19.936', 'Torque': 69.2}, {'Position': 117.699996948242, 'Timestamp': '2025-01-21 09:30:20.142', 'Torque': 87.8}, {'Position': 118.099998474121, 'Timestamp': '2025-01-21 09:30:20.436', 'Torque': 99.7}, {'Position': 118.099998474121, 'Timestamp': '2025-01-21 09:30:20.736', 'Torque': 71.8}, {'Position': 118, 'Timestamp': '2025-01-21 09:30:20.941', 'Torque': 50.3}, {'Position': 110.099998474121, 'Timestamp': '2025-01-21 09:30:21.236', 'Torque': 21.1}, {'Position': 105.9000015258789, 'Timestamp': '2025-01-21 09:30:21.536', 'Torque': -0.3}, {'Position': 110.5, 'Timestamp': '2025-01-21 09:30:21.740', 'Torque': 19.5}, {'Position': 111.3000030517578, 'Timestamp': '2025-01-21 09:30:22.036', 'Torque': 30.4}, {'Position': 111.9000015258789, 'Timestamp': '2025-01-21 09:30:22.336', 'Torque': 59.4}, {'Position': 119.699996948242, 'Timestamp': '2025-01-21 09:30:22.542', 'Torque': 79.8}, {'Position': 119.699996948242, 'Timestamp': '2025-01-21 09:30:22.836', 'Torque': 99.4}, {'Position': 119.699996948242, 'Timestamp': '2025-01-21 09:30:23.136', 'Torque': 70.8}, {'Position': 118.599998474121, 'Timestamp': '2025-01-21 09:30:23.341', 'Torque': 50.3}, {'Position': 117, 'Timestamp': '2025-01-21 09:30:23.546', 'Torque': 49.2}, {'Position': 116.9000015258789, 'Timestamp': '2025-01-21 09:30:23.750', 'Torque': 49.6}, {'Position': 116.699996948242, 'Timestamp': '2025-01-21 09:30:24.038', 'Torque': 50.4}, {'Position': 105.199996948242, 'Timestamp': '2025-01-21 09:30:24.336', 'Torque': 20.4}, {'Position': 113.5, 'Timestamp': '2025-01-21 09:30:24.540', 'Torque': 40.1}, {'Position': 113.8000030517578, 'Timestamp': '2025-01-21 09:30:24.836', 'Torque': 69}, {'Position': 113.8000030517578, 'Timestamp': '2025-01-21 09:30:25.137', 'Torque': 97.3}, {'Position': 113.8000030517578, 'Timestamp': '2025-01-21 09:30:25.341', 'Torque': 81.8}, {'Position': 113.3000030517578, 'Timestamp': '2025-01-21 09:30:25.636', 'Torque': 50.1}, {'Position': 105.3000030517578, 'Timestamp': '2025-01-21 09:30:25.936', 'Torque': 20.9}, {'Position': 98.3000030517578, 'Timestamp': '2025-01-21 09:30:26.142', 'Torque': 0.5}, {'Position': 92.0999984741211, 'Timestamp': '2025-01-21 09:30:26.437', 'Torque': -0.2}, {'Position': 103.4000015258789, 'Timestamp': '2025-01-21 09:30:26.737', 'Torque': 30}, {'Position': 94.69999694824217, 'Timestamp': '2025-01-21 09:30:26.943', 'Torque': 20.7}, {'Position': 94.4000015258789, 'Timestamp': '2025-01-21 09:30:27.237', 'Torque': 20.3}, {'Position': 106, 'Timestamp': '2025-01-21 09:30:27.536', 'Torque': 49.1}, {'Position': 106.099998474121, 'Timestamp': '2025-01-21 09:30:27.740', 'Torque': 69.9}, {'Position': 115.699996948242, 'Timestamp': '2025-01-21 09:30:28.036', 'Torque': 99.6}, {'Position': 115.9000015258789, 'Timestamp': '2025-01-21 09:30:28.337', 'Torque': 71}, {'Position': 115.9000015258789, 'Timestamp': '2025-01-21 09:30:28.542', 'Torque': 71.1}, {'Position': 115.9000015258789, 'Timestamp': '2025-01-21 09:30:28.836', 'Torque': 69}, {'Position': 113.8000030517578, 'Timestamp': '2025-01-21 09:30:29.138', 'Torque': 40.9}, {'Position': 108.199996948242, 'Timestamp': '2025-01-21 09:30:29.343', 'Torque': 22.3}, {'Position': 107, 'Timestamp': '2025-01-21 09:30:29.636', 'Torque': 9.5}, {'Position': 113.699996948242, 'Timestamp': '2025-01-21 09:30:29.936', 'Torque': 39.2}, {'Position': 103.4000015258789, 'Timestamp': '2025-01-21 09:30:30.143', 'Torque': 31.5}, {'Position': 103.099998474121, 'Timestamp': '2025-01-21 09:30:30.437', 'Torque': 29.7}, {'Position': 97.0999984741211, 'Timestamp': '2025-01-21 09:30:30.736', 'Torque': 9.9}, {'Position': 103, 'Timestamp': '2025-01-21 09:30:30.942', 'Torque': 30.3}, {'Position': 108.9000015258789, 'Timestamp': '2025-01-21 09:30:31.237', 'Torque': 29.5}]",,
7ASila,reactionTestSet,"[{'Id': 1, 'Time': '2025-01-21 09:30:11.931', 'Torque': 20}, {'Id': 2, 'Time': '2025-01-21 09:30:12.331', 'Torque': 40}, {'Id': 3, 'Time': '2025-01-21 09:30:12.731', 'Torque': 10}, {'Id': 4, 'Time': '2025-01-21 09:30:13.131', 'Torque': 0}, {'Id': 5, 'Time': '2025-01-21 09:30:13.531', 'Torque': 20}, {'Id': 6, 'Time': '2025-01-21 09:30:13.931', 'Torque': 30}, {'Id': 7, 'Time': '2025-01-21 09:30:14.331', 'Torque': 10}, {'Id': 8, 'Time': '2025-01-21 09:30:14.731', 'Torque': 50}, {'Id': 9, 'Time': '2025-01-21 09:30:15.131', 'Torque': 70}, {'Id': 10, 'Time': '2025-01-21 09:30:15.531', 'Torque': 30}, {'Id': 11, 'Time': '2025-01-21 09:30:15.931', 'Torque': 50}, {'Id': 12, 'Time': '2025-01-21 09:30:16.331', 'Torque': 80}, {'Id': 13, 'Time': '2025-01-21 09:30:16.731', 'Torque': 40}, {'Id': 14, 'Time': '2025-01-21 09:30:17.131', 'Torque': 10}, {'Id': 15, 'Time': '2025-01-21 09:30:17.531', 'Torque': 0}, {'Id': 16, 'Time': '2025-01-21 09:30:17.931', 'Torque': 30}, {'Id': 17, 'Time': '2025-01-21 09:30:18.331', 'Torque': 60}, {'Id': 18, 'Time': '2025-01-21 09:30:18.731', 'Torque': 20}, {'Id': 19, 'Time': '2025-01-21 09:30:19.131', 'Torque': 0}, {'Id': 20, 'Time': '2025-01-21 09:30:19.531', 'Torque': 40}, {'Id': 21, 'Time': '2025-01-21 09:30:19.931', 'Torque': 80}, {'Id': 22, 'Time': '2025-01-21 09:30:20.331', 'Torque': 100}, {'Id': 23, 'Time': '2025-01-21 09:30:20.731', 'Torque': 50}, {'Id': 24, 'Time': '2025-01-21 09:30:21.131', 'Torque': 20}, {'Id': 25, 'Time': '2025-01-21 09:30:21.531', 'Torque': 0}, {'Id': 26, 'Time': '2025-01-21 09:30:21.931', 'Torque': 30}, {'Id': 27, 'Time': '2025-01-21 09:30:22.331', 'Torque': 80}, {'Id': 28, 'Time': '2025-01-21 09:30:22.731', 'Torque': 100}, {'Id': 29, 'Time': '2025-01-21 09:30:23.131', 'Torque': 20}, {'Id': 30, 'Time': '2025-01-21 09:30:23.531', 'Torque': 50}, {'Id': 31, 'Time': '2025-01-21 09:30:23.931', 'Torque': 50}, {'Id': 32, 'Time': '2025-01-21 09:30:24.331', 'Torque': 20}, {'Id': 33, 'Time': '2025-01-21 09:30:24.731', 'Torque': 70}, {'Id': 34, 'Time': '2025-01-21 09:30:25.131', 'Torque': 100}, {'Id': 35, 'Time': '2025-01-21 09:30:25.531', 'Torque': 30}, {'Id': 36, 'Time': '2025-01-21 09:30:25.931', 'Torque': 10}, {'Id': 37, 'Time': '2025-01-21 09:30:26.331', 'Torque': 0}, {'Id': 38, 'Time': '2025-01-21 09:30:26.731', 'Torque': 30}, {'Id': 39, 'Time': '2025-01-21 09:30:27.131', 'Torque': 20}, {'Id': 40, 'Time': '2025-01-21 09:30:27.531', 'Torque': 80}, {'Id': 41, 'Time': '2025-01-21 09:30:27.931', 'Torque': 100}, {'Id': 42, 'Time': '2025-01-21 09:30:28.331', 'Torque': 50}, {'Id': 43, 'Time': '2025-01-21 09:30:28.731', 'Torque': 70}, {'Id': 44, 'Time': '2025-01-21 09:30:29.131', 'Torque': 30}, {'Id': 45, 'Time': '2025-01-21 09:30:29.531', 'Torque': 10}, {'Id': 46, 'Time': '2025-01-21 09:30:29.931', 'Torque': 50}, {'Id': 47, 'Time': '2025-01-21 09:30:30.331', 'Torque': 30}, {'Id': 48, 'Time': '2025-01-21 09:30:30.731', 'Torque': 10}, {'Id': 49, 'Time': '2025-01-21 09:30:31.131', 'Torque': 30}, {'Id': 50, 'Time': '2025-01-21 09:30:31.531', 'Torque': 10}]",,
7ASila,testContinuityFinished,2025-01-21 09:30:00.341,,
7ASila,testContinuityStarted,2025-01-21 09:29:35.136,,
7ASila,testReactionFinished,2025-01-21 09:30:31.649,,
7ASila,testReactionStarted,2025-01-21 09:30:11.531,,
7ASila,continuityData,"[{'Position': -32.29999923706054, 'Timestamp': '2025-01-21 09:31:13.941', 'Torque': 16.1}, {'Position': -32, 'Timestamp': '2025-01-21 09:31:14.146', 'Torque': 17}, {'Position': -29.89999961853027, 'Timestamp': '2025-01-21 09:31:14.352', 'Torque': 16.7}, {'Position': -26.5, 'Timestamp': '2025-01-21 09:31:14.556', 'Torque': 18}, {'Position': -24.10000038146972, 'Timestamp': '2025-01-21 09:31:14.761', 'Torque': 17.1}, {'Position': -21.79999923706054, 'Timestamp': '2025-01-21 09:31:14.966', 'Torque': 17.7}, {'Position': -17.70000076293945, 'Timestamp': '2025-01-21 09:31:15.172', 'Torque': 16.2}, {'Position': -15.30000019073486, 'Timestamp': '2025-01-21 09:31:15.377', 'Torque': 17.7}, {'Position': -12, 'Timestamp': '2025-01-21 09:31:15.581', 'Torque': 17.3}, {'Position': -9.899999618530273, 'Timestamp': '2025-01-21 09:31:15.785', 'Torque': 17}, {'Position': -6.5, 'Timestamp': '2025-01-21 09:31:15.990', 'Torque': 17.4}, {'Position': -1.89999997615814, 'Timestamp': '2025-01-21 09:31:16.193', 'Torque': 16.8}, {'Position': 1.200000047683716, 'Timestamp': '2025-01-21 09:31:16.397', 'Torque': 16.4}, {'Position': 5, 'Timestamp': '2025-01-21 09:31:16.602', 'Torque': 16.9}, {'Position': 9.699999809265137, 'Timestamp': '2025-01-21 09:31:16.806', 'Torque': 16.6}, {'Position': 12.69999980926513, 'Timestamp': '2025-01-21 09:31:17.011', 'Torque': 16.8}, {'Position': 16, 'Timestamp': '2025-01-21 09:31:17.215', 'Torque': 17.2}, {'Position': 20.5, 'Timestamp': '2025-01-21 09:31:17.420', 'Torque': 16.8}, {'Position': 25.10000038146972, 'Timestamp': '2025-01-21 09:31:17.624', 'Torque': 16.2}, {'Position': 28.79999923706054, 'Timestamp': '2025-01-21 09:31:17.829', 'Torque': 17.1}, {'Position': 33.79999923706054, 'Timestamp': '2025-01-21 09:31:18.033', 'Torque': 17.8}, {'Position': 37.29999923706054, 'Timestamp': '2025-01-21 09:31:18.237', 'Torque': 17.1}, {'Position': 40.70000076293945, 'Timestamp': '2025-01-21 09:31:18.442', 'Torque': 17.5}, {'Position': 44.70000076293945, 'Timestamp': '2025-01-21 09:31:18.646', 'Torque': 17.2}, {'Position': 48.79999923706054, 'Timestamp': '2025-01-21 09:31:18.851', 'Torque': 18.3}, {'Position': 53.4000015258789, 'Timestamp': '2025-01-21 09:31:19.055', 'Torque': 17.1}, {'Position': 57.79999923706054, 'Timestamp': '2025-01-21 09:31:19.259', 'Torque': 17}, {'Position': 64.5999984741211, 'Timestamp': '2025-01-21 09:31:19.464', 'Torque': 16.5}, {'Position': 71, 'Timestamp': '2025-01-21 09:31:19.668', 'Torque': 16.6}, {'Position': 77.3000030517578, 'Timestamp': '2025-01-21 09:31:19.872', 'Torque': 16.9}, {'Position': 82.5, 'Timestamp': '2025-01-21 09:31:20.076', 'Torque': 17.5}, {'Position': 87.9000015258789, 'Timestamp': '2025-01-21 09:31:20.281', 'Torque': 17.4}, {'Position': 91.69999694824217, 'Timestamp': '2025-01-21 09:31:20.485', 'Torque': 16.9}, {'Position': 94.4000015258789, 'Timestamp': '2025-01-21 09:31:20.689', 'Torque': 17}, {'Position': 97.9000015258789, 'Timestamp': '2025-01-21 09:31:20.893', 'Torque': 17.4}, {'Position': 102.099998474121, 'Timestamp': '2025-01-21 09:31:21.097', 'Torque': 17.3}, {'Position': 107.199996948242, 'Timestamp': '2025-01-21 09:31:21.302', 'Torque': 16.7}, {'Position': 111.599998474121, 'Timestamp': '2025-01-21 09:31:21.506', 'Torque': 16.2}, {'Position': 118.099998474121, 'Timestamp': '2025-01-21 09:31:21.711', 'Torque': 18.1}, {'Position': 125.199996948242, 'Timestamp': '2025-01-21 09:31:21.914', 'Torque': 17.3}, {'Position': 130.3999938964843, 'Timestamp': '2025-01-21 09:31:22.118', 'Torque': 17.1}, {'Position': 135.6000061035156, 'Timestamp': '2025-01-21 09:31:22.323', 'Torque': 17.3}, {'Position': 140.3999938964843, 'Timestamp': '2025-01-21 09:31:22.527', 'Torque': 16.6}, {'Position': 147.8999938964843, 'Timestamp': '2025-01-21 09:31:22.732', 'Torque': 16.9}, {'Position': 153, 'Timestamp': '2025-01-21 09:31:22.937', 'Torque': 18.4}, {'Position': 157.8000030517578, 'Timestamp': '2025-01-21 09:31:23.142', 'Torque': 16.2}, {'Position': 162.8000030517578, 'Timestamp': '2025-01-21 09:31:23.347', 'Torque': 16.6}, {'Position': 170.199996948242, 'Timestamp': '2025-01-21 09:31:23.552', 'Torque': 17.1}, {'Position': 175.6000061035156, 'Timestamp': '2025-01-21 09:31:23.756', 'Torque': 17}, {'Position': 181, 'Timestamp': '2025-01-21 09:31:23.960', 'Torque': 16.6}, {'Position': 188.5, 'Timestamp': '2025-01-21 09:31:24.165', 'Torque': 16.6}, {'Position': 194.1000061035156, 'Timestamp': '2025-01-21 09:31:24.370', 'Torque': 16.8}, {'Position': 200.5, 'Timestamp': '2025-01-21 09:31:24.574', 'Torque': 16.5}, {'Position': 205.3999938964843, 'Timestamp': '2025-01-21 09:31:24.779', 'Torque': 17.6}, {'Position': 209.3000030517578, 'Timestamp': '2025-01-21 09:31:24.984', 'Torque': 17.1}, {'Position': 215.1000061035156, 'Timestamp': '2025-01-21 09:31:25.189', 'Torque': 15}, {'Position': 220.8999938964843, 'Timestamp': '2025-01-21 09:31:25.393', 'Torque': 16.9}, {'Position': 225.1000061035156, 'Timestamp': '2025-01-21 09:31:25.598', 'Torque': 17.4}, {'Position': 229.699996948242, 'Timestamp': '2025-01-21 09:31:25.802', 'Torque': 17.3}, {'Position': 233.199996948242, 'Timestamp': '2025-01-21 09:31:26.007', 'Torque': 16.5}, {'Position': 238, 'Timestamp': '2025-01-21 09:31:26.211', 'Torque': 17.6}, {'Position': 241.5, 'Timestamp': '2025-01-21 09:31:26.416', 'Torque': 17.1}, {'Position': 247.8000030517578, 'Timestamp': '2025-01-21 09:31:26.620', 'Torque': 16.9}, {'Position': 251.3000030517578, 'Timestamp': '2025-01-21 09:31:26.825', 'Torque': 16.9}, {'Position': 255.6000061035156, 'Timestamp': '2025-01-21 09:31:27.029', 'Torque': 18.4}, {'Position': 261.7000122070312, 'Timestamp': '2025-01-21 09:31:27.234', 'Torque': 16.3}, {'Position': 265.5, 'Timestamp': '2025-01-21 09:31:27.438', 'Torque': 18.4}, {'Position': 267.3999938964843, 'Timestamp': '2025-01-21 09:31:27.643', 'Torque': 16.8}, {'Position': 267.3999938964843, 'Timestamp': '2025-01-21 09:31:27.848', 'Torque': 16.9}, {'Position': 267.3999938964843, 'Timestamp': '2025-01-21 09:31:28.052', 'Torque': 16.9}, {'Position': 267.3999938964843, 'Timestamp': '2025-01-21 09:31:28.257', 'Torque': 17.8}, {'Position': 267.3999938964843, 'Timestamp': '2025-01-21 09:31:28.461', 'Torque': 16.9}, {'Position': 267.3999938964843, 'Timestamp': '2025-01-21 09:31:28.666', 'Torque': 17.3}, {'Position': 266.7000122070312, 'Timestamp': '2025-01-21 09:31:28.871', 'Torque': 17.4}, {'Position': 263.7000122070312, 'Timestamp': '2025-01-21 09:31:29.075', 'Torque': 18.1}, {'Position': 259.2999877929687, 'Timestamp': '2025-01-21 09:31:29.280', 'Torque': 16.8}, {'Position': 255.1000061035156, 'Timestamp': '2025-01-21 09:31:29.485', 'Torque': 17.8}, {'Position': 250.199996948242, 'Timestamp': '2025-01-21 09:31:29.690', 'Torque': 16.8}, {'Position': 244.8999938964843, 'Timestamp': '2025-01-21 09:31:29.895', 'Torque': 18.5}, {'Position': 240.699996948242, 'Timestamp': '2025-01-21 09:31:30.100', 'Torque': 17}, {'Position': 236.3000030517578, 'Timestamp': '2025-01-21 09:31:30.305', 'Torque': 17.3}, {'Position': 232, 'Timestamp': '2025-01-21 09:31:30.509', 'Torque': 17.2}, {'Position': 228, 'Timestamp': '2025-01-21 09:31:30.714', 'Torque': 17}, {'Position': 224.3000030517578, 'Timestamp': '2025-01-21 09:31:30.919', 'Torque': 17.1}, {'Position': 219.3000030517578, 'Timestamp': '2025-01-21 09:31:31.123', 'Torque': 16}, {'Position': 215.199996948242, 'Timestamp': '2025-01-21 09:31:31.328', 'Torque': 16}, {'Position': 207.699996948242, 'Timestamp': '2025-01-21 09:31:31.532', 'Torque': 16.6}, {'Position': 203.3000030517578, 'Timestamp': '2025-01-21 09:31:31.737', 'Torque': 17.4}, {'Position': 198.1000061035156, 'Timestamp': '2025-01-21 09:31:31.942', 'Torque': 17}, {'Position': 192, 'Timestamp': '2025-01-21 09:31:32.146', 'Torque': 16.5}, {'Position': 185.3999938964843, 'Timestamp': '2025-01-21 09:31:32.351', 'Torque': 17.7}, {'Position': 179.6000061035156, 'Timestamp': '2025-01-21 09:31:32.556', 'Torque': 16.7}, {'Position': 174.3000030517578, 'Timestamp': '2025-01-21 09:31:32.761', 'Torque': 16.5}, {'Position': 169.1000061035156, 'Timestamp': '2025-01-21 09:31:32.966', 'Torque': 17.5}, {'Position': 164, 'Timestamp': '2025-01-21 09:31:33.171', 'Torque': 16.1}, {'Position': 158.1000061035156, 'Timestamp': '2025-01-21 09:31:33.375', 'Torque': 16.6}, {'Position': 150.3000030517578, 'Timestamp': '2025-01-21 09:31:33.580', 'Torque': 15.8}, {'Position': 143.1000061035156, 'Timestamp': '2025-01-21 09:31:33.785', 'Torque': 17.1}, {'Position': 134.3000030517578, 'Timestamp': '2025-01-21 09:31:33.989', 'Torque': 17.5}, {'Position': 127.099998474121, 'Timestamp': '2025-01-21 09:31:34.194', 'Torque': 18.1}, {'Position': 121.599998474121, 'Timestamp': '2025-01-21 09:31:34.398', 'Torque': 17.6}, {'Position': 115.3000030517578, 'Timestamp': '2025-01-21 09:31:34.603', 'Torque': 16.2}, {'Position': 108.199996948242, 'Timestamp': '2025-01-21 09:31:34.807', 'Torque': 15.8}, {'Position': 102, 'Timestamp': '2025-01-21 09:31:35.012', 'Torque': 16.6}, {'Position': 95.8000030517578, 'Timestamp': '2025-01-21 09:31:35.216', 'Torque': 17.2}, {'Position': 89.5999984741211, 'Timestamp': '2025-01-21 09:31:35.421', 'Torque': 16.6}, {'Position': 83.5999984741211, 'Timestamp': '2025-01-21 09:31:35.625', 'Torque': 16.1}, {'Position': 74.5, 'Timestamp': '2025-01-21 09:31:35.830', 'Torque': 17.2}, {'Position': 63.70000076293945, 'Timestamp': '2025-01-21 09:31:36.034', 'Torque': 16.6}, {'Position': 56.9000015258789, 'Timestamp': '2025-01-21 09:31:36.239', 'Torque': 16.6}, {'Position': 49.09999847412109, 'Timestamp': '2025-01-21 09:31:36.443', 'Torque': 17}, {'Position': 39.5, 'Timestamp': '2025-01-21 09:31:36.647', 'Torque': 16.9}, {'Position': 24.79999923706054, 'Timestamp': '2025-01-21 09:31:36.852', 'Torque': 17.2}, {'Position': 11.80000019073486, 'Timestamp': '2025-01-21 09:31:37.056', 'Torque': 17.2}, {'Position': 2, 'Timestamp': '2025-01-21 09:31:37.259', 'Torque': 16.8}, {'Position': -8.699999809265137, 'Timestamp': '2025-01-21 09:31:37.463', 'Torque': 18}, {'Position': -20.5, 'Timestamp': '2025-01-21 09:31:37.668', 'Torque': 16.6}, {'Position': -32.20000076293945, 'Timestamp': '2025-01-21 09:31:37.872', 'Torque': 18.3}, {'Position': -32.20000076293945, 'Timestamp': '2025-01-21 09:31:38.077', 'Torque': 17.3}, {'Position': -32.20000076293945, 'Timestamp': '2025-01-21 09:31:38.281', 'Torque': 18.2}]",,
7ASila,positionKPReached,2025-01-21 09:31:26.620,,
7ASila,positionROneReached,2025-01-21 09:31:16.806,,
7ASila,positionRTwoReached,2025-01-21 09:31:37.056,,
7ASila,reactionData,"[{'Position': 107.199996948242, 'Timestamp': '2025-01-21 09:31:43.437', 'Torque': 0.2}, {'Position': 111.5, 'Timestamp': '2025-01-21 09:31:43.737', 'Torque': 28.9}, {'Position': 113, 'Timestamp': '2025-01-21 09:31:44.036', 'Torque': 50.6}, {'Position': 111.3000030517578, 'Timestamp': '2025-01-21 09:31:44.336', 'Torque': 20.5}, {'Position': 106.5, 'Timestamp': '2025-01-21 09:31:44.541', 'Torque': 1.6}, {'Position': 106.5, 'Timestamp': '2025-01-21 09:31:44.837', 'Torque': 0.7}, {'Position': 109.5, 'Timestamp': '2025-01-21 09:31:45.136', 'Torque': 29.9}, {'Position': 115.3000030517578, 'Timestamp': '2025-01-21 09:31:45.342', 'Torque': 48.8}, {'Position': 115.3000030517578, 'Timestamp': '2025-01-21 09:31:45.637', 'Torque': 69.7}, {'Position': 115.3000030517578, 'Timestamp': '2025-01-21 09:31:45.937', 'Torque': 40.9}, {'Position': 110.599998474121, 'Timestamp': '2025-01-21 09:31:46.142', 'Torque': 20.4}, {'Position': 106.099998474121, 'Timestamp': '2025-01-21 09:31:46.436', 'Torque': -1.7}, {'Position': 110.199996948242, 'Timestamp': '2025-01-21 09:31:46.736', 'Torque': 29.3}, {'Position': 102.9000015258789, 'Timestamp': '2025-01-21 09:31:46.941', 'Torque': 19.4}, {'Position': 102.9000015258789, 'Timestamp': '2025-01-21 09:31:47.236', 'Torque': 19.1}, {'Position': 108.599998474121, 'Timestamp': '2025-01-21 09:31:47.536', 'Torque': 48.4}, {'Position': 108.599998474121, 'Timestamp': '2025-01-21 09:31:47.741', 'Torque': 31.2}, {'Position': 108.5, 'Timestamp': '2025-01-21 09:31:48.036', 'Torque': 30.2}, {'Position': 103.8000030517578, 'Timestamp': '2025-01-21 09:31:48.337', 'Torque': 0}, {'Position': 104.3000030517578, 'Timestamp': '2025-01-21 09:31:48.542', 'Torque': 19.4}, {'Position': 111.199996948242, 'Timestamp': '2025-01-21 09:31:48.836', 'Torque': 40.1}, {'Position': 111.3000030517578, 'Timestamp': '2025-01-21 09:31:49.136', 'Torque': 69.3}, {'Position': 113.699996948242, 'Timestamp': '2025-01-21 09:31:49.340', 'Torque': 90.9}, {'Position': 113.8000030517578, 'Timestamp': '2025-01-21 09:31:49.635', 'Torque': 99.7}, {'Position': 113.8000030517578, 'Timestamp': '2025-01-21 09:31:49.936', 'Torque': 70.5}, {'Position': 113.699996948242, 'Timestamp': '2025-01-21 09:31:50.141', 'Torque': 50.5}, {'Position': 108.4000015258789, 'Timestamp': '2025-01-21 09:31:50.437', 'Torque': 19.9}, {'Position': 114.699996948242, 'Timestamp': '2025-01-21 09:31:50.736', 'Torque': 29.2}, {'Position': 114.599998474121, 'Timestamp': '2025-01-21 09:31:50.940', 'Torque': 48.7}, {'Position': 114.599998474121, 'Timestamp': '2025-01-21 09:31:51.237', 'Torque': 49.9}, {'Position': 109.099998474121, 'Timestamp': '2025-01-21 09:31:51.536', 'Torque': 20.8}, {'Position': 108.9000015258789, 'Timestamp': '2025-01-21 09:31:51.740', 'Torque': 39.2}, {'Position': 110, 'Timestamp': '2025-01-21 09:31:52.036', 'Torque': 68.2}, {'Position': 110, 'Timestamp': '2025-01-21 09:31:52.338', 'Torque': 41.9}, {'Position': 107.8000030517578, 'Timestamp': '2025-01-21 09:31:52.542', 'Torque': 20.2}, {'Position': 103.5, 'Timestamp': '2025-01-21 09:31:52.836', 'Torque': 0.2}, {'Position': 111.3000030517578, 'Timestamp': '2025-01-21 09:31:53.136', 'Torque': 29.1}, {'Position': 99.5, 'Timestamp': '2025-01-21 09:31:53.340', 'Torque': 20.6}, {'Position': 98.5, 'Timestamp': '2025-01-21 09:31:53.637', 'Torque': 19.3}, {'Position': 106.3000030517578, 'Timestamp': '2025-01-21 09:31:53.936', 'Torque': 49.4}, {'Position': 110.599998474121, 'Timestamp': '2025-01-21 09:31:54.140', 'Torque': 69.6}, {'Position': 111.099998474121, 'Timestamp': '2025-01-21 09:31:54.436', 'Torque': 91.2}, {'Position': 111.099998474121, 'Timestamp': '2025-01-21 09:31:54.736', 'Torque': 61.3}, {'Position': 111, 'Timestamp': '2025-01-21 09:31:54.940', 'Torque': 40.7}, {'Position': 106.199996948242, 'Timestamp': '2025-01-21 09:31:55.237', 'Torque': 10.8}, {'Position': 111.099998474121, 'Timestamp': '2025-01-21 09:31:55.537', 'Torque': 38.5}, {'Position': 110.9000015258789, 'Timestamp': '2025-01-21 09:31:55.741', 'Torque': 20.9}, {'Position': 101.099998474121, 'Timestamp': '2025-01-21 09:31:56.036', 'Torque': 9.1}, {'Position': 107.3000030517578, 'Timestamp': '2025-01-21 09:31:56.336', 'Torque': 38.4}, {'Position': 111.9000015258789, 'Timestamp': '2025-01-21 09:31:56.541', 'Torque': 58.8}, {'Position': 112.099998474121, 'Timestamp': '2025-01-21 09:31:56.836', 'Torque': 80.6}, {'Position': 112.099998474121, 'Timestamp': '2025-01-21 09:31:57.136', 'Torque': 51}, {'Position': 111.599998474121, 'Timestamp': '2025-01-21 09:31:57.341', 'Torque': 30.2}, {'Position': 103.599998474121, 'Timestamp': '2025-01-21 09:31:57.636', 'Torque': 0.2}, {'Position': 115.199996948242, 'Timestamp': '2025-01-21 09:31:57.936', 'Torque': 30}, {'Position': 115.199996948242, 'Timestamp': '2025-01-21 09:31:58.140', 'Torque': 49.8}, {'Position': 115.3000030517578, 'Timestamp': '2025-01-21 09:31:58.436', 'Torque': 79.5}, {'Position': 115.3000030517578, 'Timestamp': '2025-01-21 09:31:58.736', 'Torque': 51.7}, {'Position': 114.5, 'Timestamp': '2025-01-21 09:31:58.941', 'Torque': 30.3}, {'Position': 104.9000015258789, 'Timestamp': '2025-01-21 09:31:59.237', 'Torque': 10}, {'Position': 104.9000015258789, 'Timestamp': '2025-01-21 09:31:59.537', 'Torque': 20}, {'Position': 107.599998474121, 'Timestamp': '2025-01-21 09:31:59.741', 'Torque': 29.2}, {'Position': 107.599998474121, 'Timestamp': '2025-01-21 09:32:00.036', 'Torque': 30.5}, {'Position': 113, 'Timestamp': '2025-01-21 09:32:00.336', 'Torque': 50.6}, {'Position': 111.4000015258789, 'Timestamp': '2025-01-21 09:32:00.541', 'Torque': 30.4}, {'Position': 101.099998474121, 'Timestamp': '2025-01-21 09:32:00.835', 'Torque': 9.6}, {'Position': 109, 'Timestamp': '2025-01-21 09:32:01.137', 'Torque': 39.3}, {'Position': 109.199996948242, 'Timestamp': '2025-01-21 09:32:01.342', 'Torque': 50}, {'Position': 109.199996948242, 'Timestamp': '2025-01-21 09:32:01.636', 'Torque': 50.4}, {'Position': 109.199996948242, 'Timestamp': '2025-01-21 09:32:01.936', 'Torque': 29.5}, {'Position': 105.8000030517578, 'Timestamp': '2025-01-21 09:32:02.140', 'Torque': 10.4}, {'Position': 99.5999984741211, 'Timestamp': '2025-01-21 09:32:02.436', 'Torque': -0.5}, {'Position': 107.4000015258789, 'Timestamp': '2025-01-21 09:32:02.737', 'Torque': 29.1}, {'Position': 105.4000015258789, 'Timestamp': '2025-01-21 09:32:02.942', 'Torque': 10.6}]",,
7ASila,reactionTestSet,"[{'Id': 1, 'Time': '2025-01-21 09:31:43.531', 'Torque': 30}, {'Id': 2, 'Time': '2025-01-21 09:31:43.931', 'Torque': 50}, {'Id': 3, 'Time': '2025-01-21 09:31:44.331', 'Torque': 10}, {'Id': 4, 'Time': '2025-01-21 09:31:44.731', 'Torque': 0}, {'Id': 5, 'Time': '2025-01-21 09:31:45.131', 'Torque': 40}, {'Id': 6, 'Time': '2025-01-21 09:31:45.531', 'Torque': 70}, {'Id': 7, 'Time': '2025-01-21 09:31:45.931', 'Torque': 40}, {'Id': 8, 'Time': '2025-01-21 09:31:46.331', 'Torque': 0}, {'Id': 9, 'Time': '2025-01-21 09:31:46.731', 'Torque': 50}, {'Id': 10, 'Time': '2025-01-21 09:31:47.131', 'Torque': 20}, {'Id': 11, 'Time': '2025-01-21 09:31:47.531', 'Torque': 70}, {'Id': 12, 'Time': '2025-01-21 09:31:47.931', 'Torque': 30}, {'Id': 13, 'Time': '2025-01-21 09:31:48.331', 'Torque': 0}, {'Id': 14, 'Time': '2025-01-21 09:31:48.731', 'Torque': 40}, {'Id': 15, 'Time': '2025-01-21 09:31:49.131', 'Torque': 80}, {'Id': 16, 'Time': '2025-01-21 09:31:49.531', 'Torque': 100}, {'Id': 17, 'Time': '2025-01-21 09:31:49.931', 'Torque': 40}, {'Id': 18, 'Time': '2025-01-21 09:31:50.331', 'Torque': 0}, {'Id': 19, 'Time': '2025-01-21 09:31:50.731', 'Torque': 30}, {'Id': 20, 'Time': '2025-01-21 09:31:51.131', 'Torque': 50}, {'Id': 21, 'Time': '2025-01-21 09:31:51.531', 'Torque': 20}, {'Id': 22, 'Time': '2025-01-21 09:31:51.931', 'Torque': 70}, {'Id': 23, 'Time': '2025-01-21 09:31:52.331', 'Torque': 10}, {'Id': 24, 'Time': '2025-01-21 09:31:52.731', 'Torque': 0}, {'Id': 25, 'Time': '2025-01-21 09:31:53.131', 'Torque': 50}, {'Id': 26, 'Time': '2025-01-21 09:31:53.531', 'Torque': 20}, {'Id': 27, 'Time': '2025-01-21 09:31:53.931', 'Torque': 70}, {'Id': 28, 'Time': '2025-01-21 09:31:54.331', 'Torque': 90}, {'Id': 29, 'Time': '2025-01-21 09:31:54.731', 'Torque': 30}, {'Id': 30, 'Time': '2025-01-21 09:31:55.131', 'Torque': 10}, {'Id': 31, 'Time': '2025-01-21 09:31:55.531', 'Torque': 50}, {'Id': 32, 'Time': '2025-01-21 09:31:55.931', 'Torque': 10}, {'Id': 33, 'Time': '2025-01-21 09:31:56.331', 'Torque': 40}, {'Id': 34, 'Time': '2025-01-21 09:31:56.731', 'Torque': 80}, {'Id': 35, 'Time': '2025-01-21 09:31:57.131', 'Torque': 20}, {'Id': 36, 'Time': '2025-01-21 09:31:57.531', 'Torque': 0}, {'Id': 37, 'Time': '2025-01-21 09:31:57.931', 'Torque': 40}, {'Id': 38, 'Time': '2025-01-21 09:31:58.331', 'Torque': 90}, {'Id': 39, 'Time': '2025-01-21 09:31:58.731', 'Torque': 30}, {'Id': 40, 'Time': '2025-01-21 09:31:59.131', 'Torque': 10}, {'Id': 41, 'Time': '2025-01-21 09:31:59.531', 'Torque': 20}, {'Id': 42, 'Time': '2025-01-21 09:31:59.931', 'Torque': 30}, {'Id': 43, 'Time': '2025-01-21 09:32:00.331', 'Torque': 50}, {'Id': 44, 'Time': '2025-01-21 09:32:00.731', 'Torque': 10}, {'Id': 45, 'Time': '2025-01-21 09:32:01.131', 'Torque': 40}, {'Id': 46, 'Time': '2025-01-21 09:32:01.531', 'Torque': 50}, {'Id': 47, 'Time': '2025-01-21 09:32:01.931', 'Torque': 30}, {'Id': 48, 'Time': '2025-01-21 09:32:02.331', 'Torque': 0}, {'Id': 49, 'Time': '2025-01-21 09:32:02.731', 'Torque': 30}, {'Id': 50, 'Time': '2025-01-21 09:32:03.131', 'Torque': 10}]",,
7ASila,testContinuityFinished,2025-01-21 09:31:38.942,,
7ASila,testContinuityStarted,2025-01-21 09:31:13.736,,
7ASila,testReactionFinished,2025-01-21 09:32:03.352,,
7ASila,testReactionStarted,2025-01-21 09:31:43.131,,
